21861,,,,,,
6043,,,,,,
37539,,,,,,
38954,,,,,,
11080,,,,,,
37086,,,,,,
24210,,,,,,
40865,,,,,,
44086,,,,,,
29818,,,,,,
15175,,,,,,
47430,,,,,,
27974,,,,,,
47434,,,,,,
19505,,,,,,
32718,,,,,,
28717,,,,,,
33692,,,,,,
26903,,,,,,
46211,,,,,,
15279,,,,,,
42385,,,,,,
42038,,,,,,
48808,,,,,,
8229,,,,,,
42957,,,,,,
38424,,,,,,
14186,,,,,,
42887,,,,,,
28478,,,,,,
11187,,,,,,
33522,,,,,,
18470,,,,,,
20873,,,,,,
41723,,,,,,
4344,,,,,,
2488,,,,,,
31231,,,,,,
2308,,,,,,
5857,,,,,,
23265,,,,,,
6975,,,,,,
3545,,,,,,
41,,,,,,
36123,,,,,,
10118,,,,,,
31218,,,,,,
40699,,,,,,
4258,,,,,,
33617,,,,,,
22566,,,,,,
812,,,,,,
46655,,,,,,
2771,,,,,,
9517,,,,,,
44296,,,,,,
26606,,,,,,
26322,,,,,,
32367,,,,,,
48069,,,,,,
35054,,,,,,
49115,,,,,,
43711,,,,,,
43412,,,,,,
40916,,,,,,
42166,,,,,,
2030,,,,,,
36166,,,,,,
1468,,,,,,
27252,,,,,,
25645,,,,,,
40586,,,,,,
20558,,,,,,
30596,,,,,,
4099,,,,,,
21444,,,,,,
44233,,,,,,
28950,,,,,,
45286,,,,,,
12650,,,,,,
24718,,,,,,
20599,,,,,,
6042,,,,,,
8536,,,,,,
19836,,,,,,
31963,,,,,,
31123,,,,,,
15203,,,,,,
44579,,,,,,
23464,,,,,,
25257,,,,,,
13914,,,,,,
19575,,,,,,
46110,,,,,,
18247,,,,,,
6697,,,,,,
9171,,,,,,
33317,,,,,,
26832,,,,,,
27576,,,,,,
311,,,,,,
22576,,,,,,
44143,,,,,,
13152,,,,,,
18656,,,,,,
48349,,,,,,
35352,,,,,,
10141,,,,,,
29571,,,,,,
45438,,,,,,
6929,,,,,,
26654,,,,,,
12358,,,,,,
10497,,,,,,
28695,,,,,,
17337,,,,,,
41930,,,,,,
15419,,,,,,
42718,,,,,,
30428,,,,,,
36680,,,,,,
25796,,,,,,
8072,,,,,,
1535,,,,,,
17927,,,,,,
34988,,,,,,
12177,,,,,,
12357,,,,,,
11000,,,,,,
6636,,,,,,
9109,,,,,,
11778,,,,,,
22062,,,,,,
40630,,,,,,
10783,,,,,,
31430,,,,,,
36989,,,,,,
29486,,,,,,
13871,,,,,,
19702,,,,,,
19278,,,,,,
21746,,,,,,
38998,,,,,,
34940,,,,,,
35740,,,,,,
8149,,,,,,
23809,,,,,,
24085,,,,,,
40686,,,,,,
29753,,,,,,
9008,,,,,,
35480,,,,,,
39969,,,,,,
27482,,,,,,
11906,,,,,,
47527,,,,,,
37009,,,,,,
24120,,,,,,
41695,,,,,,
44941,,,,,,
7461,,,,,,
1117,,,,,,
19137,,,,,,
19928,,,,,,
16452,,,,,,
41453,,,,,,
16144,,,,,,
43888,,,,,,
1575,,,,,,
44698,,,,,,
26217,,,,,,
197,,,,,,
22893,,,,,,
40599,,,,,,
26058,,,,,,
31895,,,,,,
20021,,,,,,
30869,,,,,,
7628,,,,,,
18590,,,,,,
34219,,,,,,
30729,,,,,,
17997,,,,,,
38218,,,,,,
962,,,,,,
4286,,,,,,
36026,,,,,,
6021,,,,,,
44922,,,,,,
43399,,,,,,
37206,,,,,,
31653,,,,,,
12686,,,,,,
37133,,,,,,
6569,,,,,,
11214,,,,,,
27870,,,,,,
38886,,,,,,
34503,,,,,,
17731,,,,,,
30900,,,,,,
25639,,,,,,
5819,,,,,,
20205,,,,,,
25828,,,,,,
46288,,,,,,
26608,,,,,,
15684,,,,,,
3365,,,,,,
16261,,,,,,
10701,,,,,,
38970,,,,,,
3430,,,,,,
18766,,,,,,
28027,,,,,,
29319,,,,,,
9487,,,,,,
26644,,,,,,
31636,,,,,,
1759,,,,,,
27653,,,,,,
47499,,,,,,
48585,,,,,,
19360,,,,,,
14905,,,,,,
45519,,,,,,
21023,,,,,,
38008,,,,,,
6110,,,,,,
31607,,,,,,
49096,,,,,,
16067,,,,,,
28678,,,,,,
1591,,,,,,
34554,,,,,,
19105,,,,,,
6680,,,,,,
49425,,,,,,
558,,,,,,
2582,,,,,,
5519,,,,,,
21563,,,,,,
47703,,,,,,
11915,,,,,,
18370,,,,,,
20940,,,,,,
40044,,,,,,
17955,,,,,,
27643,,,,,,
49727,,,,,,
2340,,,,,,
40008,,,,,,
40519,,,,,,
12298,,,,,,
6733,,,,,,
27123,,,,,,
42809,,,,,,
41817,,,,,,
25721,,,,,,
15898,,,,,,
33499,,,,,,
7091,,,,,,
18806,,,,,,
15923,,,,,,
24402,,,,,,
46622,,,,,,
36664,,,,,,
5367,,,,,,
29004,,,,,,
43871,,,,,,
12005,,,,,,
17618,,,,,,
45353,,,,,,
24585,,,,,,
33917,,,,,,
39831,,,,,,
13523,,,,,,
1431,,,,,,
9892,,,,,,
2193,,,,,,
3804,,,,,,
25157,,,,,,
47726,,,,,,
24899,,,,,,
22275,,,,,,
3047,,,,,,
12166,,,,,,
29585,,,,,,
22226,,,,,,
3837,,,,,,
27738,,,,,,
27848,,,,,,
49510,,,,,,
8463,,,,,,
6726,,,,,,
27176,,,,,,
22668,,,,,,
4834,,,,,,
30107,,,,,,
37938,,,,,,
7877,,,,,,
3757,,,,,,
15516,,,,,,
37932,,,,,,
20550,,,,,,
17141,,,,,,
24789,,,,,,
5585,,,,,,
32446,,,,,,
38467,,,,,,
297,,,,,,
6501,,,,,,
16308,,,,,,
21464,,,,,,
35286,,,,,,
39334,,,,,,
19389,,,,,,
35703,,,,,,
47191,,,,,,
10223,,,,,,
8951,,,,,,
16400,,,,,,
36838,,,,,,
534,,,,,,
38933,,,,,,
41581,,,,,,
21212,,,,,,
21509,,,,,,
16632,,,,,,
27029,,,,,,
49158,,,,,,
806,,,,,,
19158,,,,,,
20671,,,,,,
4181,,,,,,
47031,,,,,,
48841,,,,,,
30880,,,,,,
3075,,,,,,
25068,,,,,,
44279,,,,,,
12421,,,,,,
4621,,,,,,
33844,,,,,,
33961,,,,,,
15260,,,,,,
49,,,,,,
16948,,,,,,
27706,,,,,,
46493,,,,,,
15125,,,,,,
18416,,,,,,
49310,,,,,,
31974,,,,,,
39985,,,,,,
32104,,,,,,
35772,,,,,,
46899,,,,,,
47739,,,,,,
24863,,,,,,
25658,,,,,,
34541,,,,,,
12813,,,,,,
44310,,,,,,
14355,,,,,,
10249,,,,,,
1861,,,,,,
5287,,,,,,
9768,,,,,,
6561,,,,,,
3529,,,,,,
33726,,,,,,
39360,,,,,,
29584,,,,,,
30452,,,,,,
36769,,,,,,
8109,,,,,,
42103,,,,,,
42674,,,,,,
21873,,,,,,
6845,,,,,,
49917,,,,,,
3092,,,,,,
26249,,,,,,
45801,,,,,,
48483,,,,,,
38080,,,,,,
41170,,,,,,
7982,,,,,,
7780,,,,,,
26904,,,,,,
3561,,,,,,
15333,,,,,,
27180,,,,,,
13509,,,,,,
3272,,,,,,
47377,,,,,,
7984,,,,,,
37344,,,,,,
36049,,,,,,
13381,,,,,,
13963,,,,,,
18844,,,,,,
18058,,,,,,
32255,,,,,,
19673,,,,,,
34836,,,,,,
36737,,,,,,
14229,,,,,,
19003,,,,,,
1485,,,,,,
7985,,,,,,
11994,,,,,,
26059,,,,,,
5511,,,,,,
5485,,,,,,
4253,,,,,,
25034,,,,,,
32021,,,,,,
873,,,,,,
21471,,,,,,
42773,,,,,,
9702,,,,,,
34056,,,,,,
7087,,,,,,
1990,,,,,,
48800,,,,,,
1055,,,,,,
22291,,,,,,
47015,,,,,,
14569,,,,,,
24217,,,,,,
293,,,,,,
13345,,,,,,
11361,,,,,,
35812,,,,,,
30360,,,,,,
5490,,,,,,
39455,,,,,,
29736,,,,,,
40501,,,,,,
24749,,,,,,
39318,,,,,,
408,,,,,,
33974,,,,,,
8908,,,,,,
3875,,,,,,
24401,,,,,,
34175,,,,,,
40912,,,,,,
35462,,,,,,
45119,,,,,,
4116,,,,,,
35289,,,,,,
23419,,,,,,
47167,,,,,,
38410,,,,,,
1665,,,,,,
9844,,,,,,
26671,,,,,,
1086,,,,,,
47154,,,,,,
9108,,,,,,
47730,,,,,,
36908,,,,,,
1208,,,,,,
38731,,,,,,
45615,,,,,,
38846,,,,,,
12673,,,,,,
11929,,,,,,
36361,,,,,,
27777,,,,,,
19169,,,,,,
8081,,,,,,
22858,,,,,,
39397,,,,,,
24114,,,,,,
7212,,,,,,
42776,,,,,,
13313,,,,,,
46265,,,,,,
40662,,,,,,
8009,,,,,,
22688,,,,,,
27108,,,,,,
47497,,,,,,
4995,,,,,,
9852,,,,,,
3631,,,,,,
11892,,,,,,
15116,,,,,,
36213,,,,,,
33062,,,,,,
32727,,,,,,
23408,,,,,,
11182,,,,,,
32180,,,,,,
49822,,,,,,
23409,,,,,,
33077,,,,,,
32409,,,,,,
8823,,,,,,
42905,,,,,,
5597,,,,,,
38443,,,,,,
25298,,,,,,
16427,,,,,,
18154,,,,,,
10468,,,,,,
17077,,,,,,
15111,,,,,,
8248,,,,,,
7001,,,,,,
7257,,,,,,
3676,,,,,,
26151,,,,,,
35770,,,,,,
34612,,,,,,
37863,,,,,,
2743,,,,,,
8933,,,,,,
29699,,,,,,
4522,,,,,,
45837,,,,,,
11765,,,,,,
5012,,,,,,
16520,,,,,,
2495,,,,,,
23320,,,,,,
48350,,,,,,
42093,,,,,,
35602,,,,,,
28015,,,,,,
39485,,,,,,
19611,,,,,,
45949,,,,,,
10174,,,,,,
43774,,,,,,
17727,,,,,,
47353,,,,,,
21619,,,,,,
17699,,,,,,
6465,,,,,,
39063,,,,,,
39491,,,,,,
24259,,,,,,
38362,,,,,,
15390,,,,,,
33904,,,,,,
41729,,,,,,
46640,,,,,,
49104,,,,,,
711,,,,,,
28728,,,,,,
7229,,,,,,
9145,,,,,,
17701,,,,,,
44032,,,,,,
33886,,,,,,
20291,,,,,,
2794,,,,,,
7567,,,,,,
1495,,,,,,
40488,,,,,,
41654,,,,,,
41572,,,,,,
14021,,,,,,
45455,,,,,,
20663,,,,,,
13066,,,,,,
14470,,,,,,
14357,,,,,,
24297,,,,,,
48283,,,,,,
1940,,,,,,
4893,,,,,,
8488,,,,,,
46568,,,,,,
17673,,,,,,
4329,,,,,,
39060,,,,,,
14146,,,,,,
2156,,,,,,
7192,,,,,,
14772,,,,,,
46041,,,,,,
10029,,,,,,
46970,,,,,,
13118,,,,,,
27877,,,,,,
2366,,,,,,
6364,,,,,,
36325,,,,,,
22499,,,,,,
44123,,,,,,
29506,,,,,,
5856,,,,,,
8807,,,,,,
19400,,,,,,
36226,,,,,,
43187,,,,,,
36576,,,,,,
6950,,,,,,
32541,,,,,,
43037,,,,,,
10617,,,,,,
2178,,,,,,
30697,,,,,,
27181,,,,,,
10379,,,,,,
2010,,,,,,
6153,,,,,,
45361,,,,,,
16528,,,,,,
31965,,,,,,
15102,,,,,,
13036,,,,,,
2514,,,,,,
48942,,,,,,
25462,,,,,,
3971,,,,,,
4082,,,,,,
13683,,,,,,
36499,,,,,,
13493,,,,,,
26085,,,,,,
41600,,,,,,
29783,,,,,,
30613,,,,,,
18985,,,,,,
46028,,,,,,
42203,,,,,,
21045,,,,,,
8837,,,,,,
23597,,,,,,
11231,,,,,,
17137,,,,,,
27854,,,,,,
46085,,,,,,
22716,,,,,,
27157,,,,,,
18261,,,,,,
13720,,,,,,
47461,,,,,,
43019,,,,,,
42782,,,,,,
35224,,,,,,
3931,,,,,,
1173,,,,,,
45836,,,,,,
35823,,,,,,
18095,,,,,,
8595,,,,,,
18792,,,,,,
19304,,,,,,
34707,,,,,,
23746,,,,,,
8289,,,,,,
44027,,,,,,
9194,,,,,,
10225,,,,,,
1901,,,,,,
3667,,,,,,
34990,,,,,,
1825,,,,,,
22285,,,,,,
7134,,,,,,
26480,,,,,,
38393,,,,,,
41790,,,,,,
7760,,,,,,
18761,,,,,,
47907,,,,,,
6108,,,,,,
37300,,,,,,
23711,,,,,,
295,,,,,,
14241,,,,,,
34624,,,,,,
16164,,,,,,
35281,,,,,,
10219,,,,,,
1204,,,,,,
3673,,,,,,
45793,,,,,,
1228,,,,,,
44319,,,,,,
49183,,,,,,
10768,,,,,,
1019,,,,,,
27774,,,,,,
10494,,,,,,
49594,,,,,,
43080,,,,,,
38002,,,,,,
35534,,,,,,
5004,,,,,,
46044,,,,,,
15853,,,,,,
14371,,,,,,
12154,,,,,,
49150,,,,,,
22985,,,,,,
37478,,,,,,
30557,,,,,,
7874,,,,,,
41092,,,,,,
26253,,,,,,
25240,,,,,,
29501,,,,,,
44251,,,,,,
10941,,,,,,
49062,,,,,,
31812,,,,,,
38386,,,,,,
9094,,,,,,
8258,,,,,,
30049,,,,,,
7902,,,,,,
34877,,,,,,
31827,,,,,,
10551,,,,,,
5599,,,,,,
9303,,,,,,
14305,,,,,,
35485,,,,,,
10366,,,,,,
33920,,,,,,
27048,,,,,,
32262,,,,,,
26174,,,,,,
37612,,,,,,
17576,,,,,,
30914,,,,,,
16037,,,,,,
26150,,,,,,
35629,,,,,,
20379,,,,,,
16547,,,,,,
9476,,,,,,
26613,,,,,,
11052,,,,,,
25689,,,,,,
13223,,,,,,
6137,,,,,,
48380,,,,,,
24604,,,,,,
30570,,,,,,
956,,,,,,
7879,,,,,,
29679,,,,,,
32591,,,,,,
11065,,,,,,
14290,,,,,,
39305,,,,,,
9789,,,,,,
36705,,,,,,
9049,,,,,,
10056,,,,,,
32411,,,,,,
39983,,,,,,
14551,,,,,,
3135,,,,,,
38925,,,,,,
23648,,,,,,
26635,,,,,,
30627,,,,,,
18256,,,,,,
4974,,,,,,
39683,,,,,,
19052,,,,,,
2477,,,,,,
17607,,,,,,
1070,,,,,,
29673,,,,,,
33039,,,,,,
14983,,,,,,
28382,,,,,,
13325,,,,,,
16817,,,,,,
16847,,,,,,
13978,,,,,,
18600,,,,,,
13973,,,,,,
5946,,,,,,
29545,,,,,,
28464,,,,,,
3303,,,,,,
40936,,,,,,
17514,,,,,,
31031,,,,,,
41340,,,,,,
20281,,,,,,
11841,,,,,,
18074,,,,,,
28772,,,,,,
6823,,,,,,
31852,,,,,,
38310,,,,,,
6990,,,,,,
45120,,,,,,
787,,,,,,
28007,,,,,,
15851,,,,,,
11919,,,,,,
30238,,,,,,
8926,,,,,,
3226,,,,,,
15318,,,,,,
43120,,,,,,
48990,,,,,,
15107,,,,,,
41386,,,,,,
13633,,,,,,
34403,,,,,,
9583,,,,,,
37547,,,,,,
39978,,,,,,
26847,,,,,,
14292,,,,,,
7551,,,,,,
48137,,,,,,
27266,,,,,,
17295,,,,,,
31066,,,,,,
41109,,,,,,
21142,,,,,,
17242,,,,,,
7691,,,,,,
35163,,,,,,
3845,,,,,,
3133,,,,,,
49302,,,,,,
47062,,,,,,
47111,,,,,,
49440,,,,,,
34985,,,,,,
6014,,,,,,
29467,,,,,,
19487,,,,,,
45102,,,,,,
33703,,,,,,
39425,,,,,,
8134,,,,,,
46588,,,,,,
1722,,,,,,
21106,,,,,,
907,,,,,,
1578,,,,,,
42768,,,,,,
2413,,,,,,
8252,,,,,,
11426,,,,,,
16411,,,,,,
5327,,,,,,
14637,,,,,,
6077,,,,,,
43103,,,,,,
35118,,,,,,
36052,,,,,,
8688,,,,,,
38557,,,,,,
41826,,,,,,
35296,,,,,,
49427,,,,,,
145,,,,,,
44369,,,,,,
38323,,,,,,
20666,,,,,,
43313,,,,,,
28437,,,,,,
9504,,,,,,
28434,,,,,,
38758,,,,,,
13244,,,,,,
21263,,,,,,
8153,,,,,,
10999,,,,,,
13355,,,,,,
27102,,,,,,
19402,,,,,,
4672,,,,,,
416,,,,,,
4850,,,,,,
11348,,,,,,
2578,,,,,,
33315,,,,,,
26171,,,,,,
36231,,,,,,
44084,,,,,,
41207,,,,,,
44741,,,,,,
38874,,,,,,
44359,,,,,,
48403,,,,,,
28010,,,,,,
17915,,,,,,
40327,,,,,,
12600,,,,,,
7445,,,,,,
30756,,,,,,
14893,,,,,,
44399,,,,,,
10770,,,,,,
9606,,,,,,
18481,,,,,,
10274,,,,,,
46149,,,,,,
46077,,,,,,
1201,,,,,,
45402,,,,,,
6512,,,,,,
45037,,,,,,
4105,,,,,,
40954,,,,,,
12651,,,,,,
114,,,,,,
22944,,,,,,
18635,,,,,,
24683,,,,,,
42214,,,,,,
30437,,,,,,
4306,,,,,,
605,,,,,,
12266,,,,,,
28811,,,,,,
18929,,,,,,
25683,,,,,,
41084,,,,,,
45121,,,,,,
7213,,,,,,
10476,,,,,,
26820,,,,,,
40493,,,,,,
24138,,,,,,
45791,,,,,,
16140,,,,,,
644,,,,,,
48738,,,,,,
38228,,,,,,
46808,,,,,,
34452,,,,,,
5247,,,,,,
29483,,,,,,
3967,,,,,,
28569,,,,,,
49770,,,,,,
8433,,,,,,
23276,,,,,,
30994,,,,,,
21821,,,,,,
39083,,,,,,
38428,,,,,,
10942,,,,,,
1293,,,,,,
30733,,,,,,
13231,,,,,,
32792,,,,,,
23102,,,,,,
24660,,,,,,
42160,,,,,,
26396,,,,,,
12806,,,,,,
11979,,,,,,
27779,,,,,,
9594,,,,,,
31744,,,,,,
22796,,,,,,
19595,,,,,,
40755,,,,,,
45322,,,,,,
49011,,,,,,
30517,,,,,,
9905,,,,,,
20203,,,,,,
25678,,,,,,
35892,,,,,,
6291,,,,,,
43156,,,,,,
24273,,,,,,
4729,,,,,,
37749,,,,,,
13186,,,,,,
535,,,,,,
23551,,,,,,
25118,,,,,,
13837,,,,,,
8019,,,,,,
29521,,,,,,
39523,,,,,,
10913,,,,,,
32419,,,,,,
22537,,,,,,
37721,,,,,,
8646,,,,,,
11414,,,,,,
19909,,,,,,
18919,,,,,,
8094,,,,,,
22532,,,,,,
20039,,,,,,
2762,,,,,,
4218,,,,,,
19548,,,,,,
4570,,,,,,
24931,,,,,,
37465,,,,,,
21835,,,,,,
11885,,,,,,
13531,,,,,,
11982,,,,,,
49400,,,,,,
27101,,,,,,
31670,,,,,,
13773,,,,,,
41469,,,,,,
5155,,,,,,
40629,,,,,,
43091,,,,,,
27583,,,,,,
46982,,,,,,
17206,,,,,,
32223,,,,,,
17198,,,,,,
36207,,,,,,
34294,,,,,,
17712,,,,,,
36280,,,,,,
40824,,,,,,
17734,,,,,,
37180,,,,,,
19832,,,,,,
41807,,,,,,
22587,,,,,,
26954,,,,,,
18429,,,,,,
26205,,,,,,
49359,,,,,,
31116,,,,,,
12021,,,,,,
5245,,,,,,
42854,,,,,,
27549,,,,,,
30632,,,,,,
28683,,,,,,
41691,,,,,,
46083,,,,,,
640,,,,,,
24107,,,,,,
4648,,,,,,
23825,,,,,,
41398,,,,,,
24163,,,,,,
49188,,,,,,
5404,,,,,,
17720,,,,,,
47478,,,,,,
16951,,,,,,
9848,,,,,,
41542,,,,,,
9054,,,,,,
27129,,,,,,
43294,,,,,,
20893,,,,,,
14549,,,,,,
38521,,,,,,
4508,,,,,,
29611,,,,,,
45568,,,,,,
2906,,,,,,
1689,,,,,,
44192,,,,,,
28281,,,,,,
14135,,,,,,
26259,,,,,,
44165,,,,,,
18567,,,,,,
86,,,,,,
42791,,,,,,
39431,,,,,,
14348,,,,,,
20012,,,,,,
42060,,,,,,
651,,,,,,
11603,,,,,,
28077,,,,,,
35830,,,,,,
19092,,,,,,
23393,,,,,,
5057,,,,,,
9205,,,,,,
10589,,,,,,
25766,,,,,,
4121,,,,,,
24598,,,,,,
27758,,,,,,
11049,,,,,,
17317,,,,,,
29385,,,,,,
26777,,,,,,
16086,,,,,,
37427,,,,,,
31265,,,,,,
14501,,,,,,
9538,,,,,,
7637,,,,,,
36133,,,,,,
6406,,,,,,
44813,,,,,,
14926,,,,,,
35331,,,,,,
16890,,,,,,
11920,,,,,,
7497,,,,,,
40116,,,,,,
20898,,,,,,
43126,,,,,,
39285,,,,,,
14971,,,,,,
16971,,,,,,
40935,,,,,,
15969,,,,,,
7750,,,,,,
16584,,,,,,
16832,,,,,,
9408,,,,,,
2087,,,,,,
1566,,,,,,
12702,,,,,,
47257,,,,,,
34909,,,,,,
20971,,,,,,
26040,,,,,,
7486,,,,,,
46923,,,,,,
7796,,,,,,
33149,,,,,,
45687,,,,,,
2730,,,,,,
34410,,,,,,
6675,,,,,,
31147,,,,,,
11978,,,,,,
48216,,,,,,
27162,,,,,,
2972,,,,,,
21505,,,,,,
35465,,,,,,
5131,,,,,,
31247,,,,,,
9167,,,,,,
3482,,,,,,
1376,,,,,,
21395,,,,,,
7354,,,,,,
16120,,,,,,
14596,,,,,,
31912,,,,,,
12461,,,,,,
32924,,,,,,
37033,,,,,,
22507,,,,,,
21109,,,,,,
41471,,,,,,
12450,,,,,,
24347,,,,,,
11289,,,,,,
18941,,,,,,
26585,,,,,,
15049,,,,,,
14347,,,,,,
9698,,,,,,
13903,,,,,,
1387,,,,,,
45191,,,,,,
34068,,,,,,
16510,,,,,,
8525,,,,,,
23272,,,,,,
29196,,,,,,
42554,,,,,,
4438,,,,,,
9050,,,,,,
42146,,,,,,
29766,,,,,,
39922,,,,,,
36970,,,,,,
24596,,,,,,
15170,,,,,,
19201,,,,,,
14761,,,,,,
40850,,,,,,
43858,,,,,,
13627,,,,,,
33839,,,,,,
43737,,,,,,
4778,,,,,,
41646,,,,,,
1149,,,,,,
5526,,,,,,
35446,,,,,,
16939,,,,,,
5112,,,,,,
4310,,,,,,
30471,,,,,,
1984,,,,,,
3563,,,,,,
40087,,,,,,
21210,,,,,,
6575,,,,,,
41618,,,,,,
3340,,,,,,
5762,,,,,,
24638,,,,,,
30475,,,,,,
21307,,,,,,
13642,,,,,,
49859,,,,,,
17544,,,,,,
23236,,,,,,
7805,,,,,,
36439,,,,,,
13663,,,,,,
41292,,,,,,
21201,,,,,,
49100,,,,,,
44977,,,,,,
22856,,,,,,
2688,,,,,,
44811,,,,,,
6357,,,,,,
2053,,,,,,
18421,,,,,,
38869,,,,,,
24880,,,,,,
37444,,,,,,
2272,,,,,,
4764,,,,,,
14178,,,,,,
9058,,,,,,
28197,,,,,,
28138,,,,,,
24112,,,,,,
1686,,,,,,
48151,,,,,,
38399,,,,,,
12890,,,,,,
14276,,,,,,
38525,,,,,,
17080,,,,,,
34505,,,,,,
35886,,,,,,
39871,,,,,,
43002,,,,,,
3367,,,,,,
43258,,,,,,
32063,,,,,,
30751,,,,,,
18442,,,,,,
6047,,,,,,
20246,,,,,,
7687,,,,,,
10910,,,,,,
18857,,,,,,
18474,,,,,,
7951,,,,,,
24526,,,,,,
5868,,,,,,
32329,,,,,,
3071,,,,,,
22095,,,,,,
6773,,,,,,
10148,,,,,,
48749,,,,,,
14586,,,,,,
29307,,,,,,
16811,,,,,,
46595,,,,,,
39445,,,,,,
35297,,,,,,
27386,,,,,,
9189,,,,,,
19036,,,,,,
21895,,,,,,
45394,,,,,,
35835,,,,,,
25995,,,,,,
2633,,,,,,
29091,,,,,,
44420,,,,,,
726,,,,,,
28028,,,,,,
45047,,,,,,
38873,,,,,,
44716,,,,,,
32647,,,,,,
45986,,,,,,
18086,,,,,,
17534,,,,,,
31573,,,,,,
33186,,,,,,
33338,,,,,,
5581,,,,,,
19250,,,,,,
25984,,,,,,
8704,,,,,,
13574,,,,,,
11834,,,,,,
31729,,,,,,
20619,,,,,,
17824,,,,,,
41612,,,,,,
41271,,,,,,
13202,,,,,,
12151,,,,,,
2982,,,,,,
9048,,,,,,
24774,,,,,,
21329,,,,,,
31801,,,,,,
12029,,,,,,
36075,,,,,,
27537,,,,,,
13955,,,,,,
17334,,,,,,
41296,,,,,,
36111,,,,,,
16587,,,,,,
11997,,,,,,
28573,,,,,,
34935,,,,,,
462,,,,,,
235,,,,,,
24924,,,,,,
30894,,,,,,
21159,,,,,,
49002,,,,,,
49892,,,,,,
739,,,,,,
17726,,,,,,
14297,,,,,,
28143,,,,,,
35614,,,,,,
15847,,,,,,
17397,,,,,,
14766,,,,,,
44056,,,,,,
44139,,,,,,
27690,,,,,,
44003,,,,,,
10086,,,,,,
42612,,,,,,
29414,,,,,,
15579,,,,,,
26355,,,,,,
43281,,,,,,
18342,,,,,,
38031,,,,,,
29816,,,,,,
3865,,,,,,
4368,,,,,,
35279,,,,,,
35003,,,,,,
46365,,,,,,
3180,,,,,,
18111,,,,,,
40882,,,,,,
6662,,,,,,
223,,,,,,
10158,,,,,,
1442,,,,,,
31342,,,,,,
19381,,,,,,
36497,,,,,,
10856,,,,,,
4378,,,,,,
12730,,,,,,
40031,,,,,,
21459,,,,,,
22645,,,,,,
20118,,,,,,
2389,,,,,,
22780,,,,,,
36872,,,,,,
16003,,,,,,
20970,,,,,,
21364,,,,,,
8836,,,,,,
7580,,,,,,
4092,,,,,,
27560,,,,,,
33122,,,,,,
12499,,,,,,
31321,,,,,,
21667,,,,,,
14818,,,,,,
2863,,,,,,
15962,,,,,,
35761,,,,,,
16017,,,,,,
20337,,,,,,
13770,,,,,,
42539,,,,,,
19153,,,,,,
40772,,,,,,
25155,,,,,,
1690,,,,,,
12042,,,,,,
36778,,,,,,
15950,,,,,,
40615,,,,,,
270,,,,,,
3746,,,,,,
29209,,,,,,
4393,,,,,,
1415,,,,,,
33115,,,,,,
41929,,,,,,
31442,,,,,,
2188,,,,,,
32189,,,,,,
36515,,,,,,
38698,,,,,,
48748,,,,,,
1022,,,,,,
28084,,,,,,
21555,,,,,,
9913,,,,,,
38305,,,,,,
37599,,,,,,
17578,,,,,,
23316,,,,,,
38202,,,,,,
48225,,,,,,
42425,,,,,,
13362,,,,,,
41532,,,,,,
5842,,,,,,
38458,,,,,,
18008,,,,,,
23043,,,,,,
35611,,,,,,
45414,,,,,,
23016,,,,,,
24397,,,,,,
26382,,,,,,
19980,,,,,,
49687,,,,,,
8626,,,,,,
17638,,,,,,
29181,,,,,,
298,,,,,,
39173,,,,,,
23628,,,,,,
40579,,,,,,
10285,,,,,,
17059,,,,,,
42899,,,,,,
17746,,,,,,
40335,,,,,,
19321,,,,,,
46225,,,,,,
28727,,,,,,
10670,,,,,,
17890,,,,,,
41210,,,,,,
12525,,,,,,
5882,,,,,,
25613,,,,,,
10074,,,,,,
21438,,,,,,
41321,,,,,,
20413,,,,,,
11055,,,,,,
27222,,,,,,
2502,,,,,,
46506,,,,,,
4401,,,,,,
5924,,,,,,
17847,,,,,,
31748,,,,,,
26367,,,,,,
21178,,,,,,
40170,,,,,,
12488,,,,,,
17655,,,,,,
15731,,,,,,
14138,,,,,,
5500,,,,,,
34786,,,,,,
7908,,,,,,
42292,,,,,,
48772,,,,,,
7898,,,,,,
30363,,,,,,
19872,,,,,,
4711,,,,,,
17928,,,,,,
31220,,,,,,
48975,,,,,,
49211,,,,,,
17358,,,,,,
37099,,,,,,
42528,,,,,,
1676,,,,,,
36702,,,,,,
10027,,,,,,
36286,,,,,,
9020,,,,,,
28853,,,,,,
47477,,,,,,
27146,,,,,,
6309,,,,,,
24872,,,,,,
7420,,,,,,
19424,,,,,,
48393,,,,,,
39613,,,,,,
20280,,,,,,
33531,,,,,,
48438,,,,,,
13901,,,,,,
28508,,,,,,
20007,,,,,,
20478,,,,,,
570,,,,,,
42849,,,,,,
8620,,,,,,
25313,,,,,,
47075,,,,,,
20436,,,,,,
44954,,,,,,
14787,,,,,,
16484,,,,,,
30946,,,,,,
35845,,,,,,
33340,,,,,,
41385,,,,,,
46244,,,,,,
22777,,,,,,
11439,,,,,,
49347,,,,,,
2293,,,,,,
46181,,,,,,
20233,,,,,,
27521,,,,,,
7077,,,,,,
21478,,,,,,
1883,,,,,,
44407,,,,,,
44144,,,,,,
47307,,,,,,
44791,,,,,,
30434,,,,,,
15881,,,,,,
31475,,,,,,
49894,,,,,,
41623,,,,,,
10398,,,,,,
31133,,,,,,
31262,,,,,,
37868,,,,,,
29229,,,,,,
48003,,,,,,
33068,,,,,,
32285,,,,,,
9251,,,,,,
35946,,,,,,
36868,,,,,,
12530,,,,,,
30707,,,,,,
21451,,,,,,
33426,,,,,,
11273,,,,,,
1795,,,,,,
21983,,,,,,
19867,,,,,,
11280,,,,,,
29985,,,,,,
2679,,,,,,
16018,,,,,,
20844,,,,,,
26226,,,,,,
44806,,,,,,
8550,,,,,,
49993,,,,,,
38059,,,,,,
18411,,,,,,
41528,,,,,,
25183,,,,,,
32377,,,,,,
20158,,,,,,
47579,,,,,,
39597,,,,,,
5162,,,,,,
42246,,,,,,
35028,,,,,,
48116,,,,,,
8526,,,,,,
1301,,,,,,
16337,,,,,,
14659,,,,,,
42984,,,,,,
36129,,,,,,
22134,,,,,,
39322,,,,,,
36015,,,,,,
33280,,,,,,
7058,,,,,,
20845,,,,,,
45298,,,,,,
5951,,,,,,
33984,,,,,,
42647,,,,,,
26488,,,,,,
44671,,,,,,
7866,,,,,,
728,,,,,,
1188,,,,,,
29677,,,,,,
1479,,,,,,
2717,,,,,,
22311,,,,,,
27532,,,,,,
24597,,,,,,
46891,,,,,,
21536,,,,,,
45136,,,,,,
22530,,,,,,
40311,,,,,,
78,,,,,,
24954,,,,,,
42212,,,,,,
29829,,,,,,
8871,,,,,,
17243,,,,,,
12761,,,,,,
38209,,,,,,
33575,,,,,,
7576,,,,,,
46688,,,,,,
47725,,,,,,
27112,,,,,,
36486,,,,,,
41783,,,,,,
33939,,,,,,
21868,,,,,,
27429,,,,,,
7154,,,,,,
19817,,,,,,
25132,,,,,,
23991,,,,,,
38165,,,,,,
3565,,,,,,
12112,,,,,,
29849,,,,,,
29474,,,,,,
38501,,,,,,
2217,,,,,,
11561,,,,,,
4071,,,,,,
39355,,,,,,
36385,,,,,,
9516,,,,,,
19650,,,,,,
21069,,,,,,
40398,,,,,,
42639,,,,,,
19260,,,,,,
14008,,,,,,
15793,,,,,,
39566,,,,,,
20262,,,,,,
614,,,,,,
10088,,,,,,
21247,,,,,,
14810,,,,,,
27616,,,,,,
37836,,,,,,
28220,,,,,,
49885,,,,,,
19131,,,,,,
28523,,,,,,
22079,,,,,,
27408,,,,,,
7435,,,,,,
16180,,,,,,
5481,,,,,,
43182,,,,,,
29581,,,,,,
34829,,,,,,
23598,,,,,,
26124,,,,,,
39437,,,,,,
34559,,,,,,
32314,,,,,,
29786,,,,,,
44427,,,,,,
4758,,,,,,
26792,,,,,,
7554,,,,,,
40890,,,,,,
4034,,,,,,
38556,,,,,,
5417,,,,,,
29285,,,,,,
30479,,,,,,
40094,,,,,,
49108,,,,,,
43673,,,,,,
8963,,,,,,
13603,,,,,,
42232,,,,,,
11923,,,,,,
33601,,,,,,
18021,,,,,,
43977,,,,,,
49638,,,,,,
5418,,,,,,
24079,,,,,,
25412,,,,,,
3849,,,,,,
37299,,,,,,
18918,,,,,,
17081,,,,,,
19707,,,,,,
24001,,,,,,
10727,,,,,,
31536,,,,,,
41188,,,,,,
11313,,,,,,
18537,,,,,,
10893,,,,,,
12569,,,,,,
32100,,,,,,
1871,,,,,,
1949,,,,,,
23691,,,,,,
43336,,,,,,
18253,,,,,,
37568,,,,,,
10989,,,,,,
18930,,,,,,
45219,,,,,,
24241,,,,,,
1792,,,,,,
35366,,,,,,
7323,,,,,,
48880,,,,,,
33341,,,,,,
27401,,,,,,
10555,,,,,,
7312,,,,,,
13807,,,,,,
31406,,,,,,
12552,,,,,,
5932,,,,,,
47066,,,,,,
13853,,,,,,
11991,,,,,,
15717,,,,,,
28140,,,,,,
32578,,,,,,
48529,,,,,,
19143,,,,,,
12542,,,,,,
49809,,,,,,
44146,,,,,,
46426,,,,,,
26742,,,,,,
35079,,,,,,
12174,,,,,,
27811,,,,,,
12749,,,,,,
3707,,,,,,
45665,,,,,,
11162,,,,,,
35144,,,,,,
24612,,,,,,
21489,,,,,,
10567,,,,,,
10085,,,,,,
26948,,,,,,
20835,,,,,,
3174,,,,,,
49556,,,,,,
22022,,,,,,
18809,,,,,,
48847,,,,,,
6326,,,,,,
48639,,,,,,
41661,,,,,,
36568,,,,,,
10429,,,,,,
27154,,,,,,
30692,,,,,,
49341,,,,,,
32700,,,,,,
48843,,,,,,
22129,,,,,,
5962,,,,,,
15776,,,,,,
11142,,,,,,
44259,,,,,,
39036,,,,,,
10388,,,,,,
45873,,,,,,
1576,,,,,,
11405,,,,,,
35181,,,,,,
23003,,,,,,
12515,,,,,,
44833,,,,,,
22815,,,,,,
4585,,,,,,
28777,,,,,,
31996,,,,,,
46227,,,,,,
15077,,,,,,
37476,,,,,,
34414,,,,,,
19216,,,,,,
7955,,,,,,
3500,,,,,,
1381,,,,,,
6578,,,,,,
30184,,,,,,
15051,,,,,,
6443,,,,,,
40856,,,,,,
15643,,,,,,
8889,,,,,,
17450,,,,,,
39507,,,,,,
11199,,,,,,
23312,,,,,,
14694,,,,,,
11487,,,,,,
13621,,,,,,
36502,,,,,,
12910,,,,,,
30968,,,,,,
1222,,,,,,
8127,,,,,,
14481,,,,,,
25181,,,,,,
44507,,,,,,
42852,,,,,,
46410,,,,,,
35890,,,,,,
2121,,,,,,
18063,,,,,,
25303,,,,,,
16867,,,,,,
38060,,,,,,
45471,,,,,,
28996,,,,,,
14616,,,,,,
15532,,,,,,
41820,,,,,,
4185,,,,,,
33043,,,,,,
29613,,,,,,
43396,,,,,,
3181,,,,,,
7974,,,,,,
41609,,,,,,
28100,,,,,,
22085,,,,,,
4546,,,,,,
37490,,,,,,
39586,,,,,,
31485,,,,,,
30379,,,,,,
11335,,,,,,
87,,,,,,
19089,,,,,,
17045,,,,,,
35354,,,,,,
21797,,,,,,
41735,,,,,,
2231,,,,,,
14922,,,,,,
21291,,,,,,
28479,,,,,,
38765,,,,,,
9926,,,,,,
26210,,,,,,
49753,,,,,,
20183,,,,,,
10581,,,,,,
31924,,,,,,
42022,,,,,,
39026,,,,,,
8846,,,,,,
1459,,,,,,
34913,,,,,,
14070,,,,,,
889,,,,,,
3767,,,,,,
29227,,,,,,
34718,,,,,,
12088,,,,,,
13499,,,,,,
21867,,,,,,
37227,,,,,,
16110,,,,,,
18729,,,,,,
2291,,,,,,
5074,,,,,,
29785,,,,,,
30125,,,,,,
40717,,,,,,
47219,,,,,,
39135,,,,,,
33097,,,,,,
38591,,,,,,
15191,,,,,,
15267,,,,,,
29194,,,,,,
45091,,,,,,
4452,,,,,,
47379,,,,,,
28048,,,,,,
35978,,,,,,
13091,,,,,,
28337,,,,,,
34383,,,,,,
32318,,,,,,
44879,,,,,,
13975,,,,,,
49054,,,,,,
16487,,,,,,
30606,,,,,,
35456,,,,,,
32851,,,,,,
36860,,,,,,
20778,,,,,,
36549,,,,,,
15295,,,,,,
19213,,,,,,
36741,,,,,,
49269,,,,,,
42679,,,,,,
26276,,,,,,
26859,,,,,,
46961,,,,,,
7712,,,,,,
39200,,,,,,
24147,,,,,,
10083,,,,,,
48309,,,,,,
18881,,,,,,
34049,,,,,,
11503,,,,,,
21736,,,,,,
42818,,,,,,
31531,,,,,,
45794,,,,,,
1619,,,,,,
41567,,,,,,
33430,,,,,,
24167,,,,,,
10569,,,,,,
11592,,,,,,
6536,,,,,,
46463,,,,,,
46302,,,,,,
8380,,,,,,
19842,,,,,,
28112,,,,,,
7935,,,,,,
2945,,,,,,
3249,,,,,,
43278,,,,,,
34066,,,,,,
10570,,,,,,
31426,,,,,,
12739,,,,,,
13573,,,,,,
26088,,,,,,
26046,,,,,,
6769,,,,,,
2142,,,,,,
5069,,,,,,
28863,,,,,,
36813,,,,,,
203,,,,,,
29626,,,,,,
38384,,,,,,
10557,,,,,,
26402,,,,,,
43307,,,,,,
9313,,,,,,
19222,,,,,,
29735,,,,,,
35881,,,,,,
5633,,,,,,
36022,,,,,,
22474,,,,,,
37635,,,,,,
12027,,,,,,
32430,,,,,,
8185,,,,,,
19687,,,,,,
40383,,,,,,
12359,,,,,,
17513,,,,,,
5721,,,,,,
28155,,,,,,
26918,,,,,,
19725,,,,,,
22790,,,,,,
23254,,,,,,
14250,,,,,,
11185,,,,,,
26483,,,,,,
8522,,,,,,
11537,,,,,,
16918,,,,,,
40414,,,,,,
7851,,,,,,
34618,,,,,,
19481,,,,,,
15478,,,,,,
16200,,,,,,
27590,,,,,,
37266,,,,,,
39127,,,,,,
22061,,,,,,
29304,,,,,,
18694,,,,,,
13565,,,,,,
11842,,,,,,
27051,,,,,,
22890,,,,,,
31210,,,,,,
356,,,,,,
6499,,,,,,
2613,,,,,,
1122,,,,,,
34078,,,,,,
27,,,,,,
42272,,,,,,
49923,,,,,,
35540,,,,,,
13806,,,,,,
41660,,,,,,
12403,,,,,,
17163,,,,,,
8481,,,,,,
16848,,,,,,
31505,,,,,,
26856,,,,,,
24829,,,,,,
20878,,,,,,
10798,,,,,,
8292,,,,,,
41018,,,,,,
20689,,,,,,
12100,,,,,,
14552,,,,,,
15831,,,,,,
43846,,,,,,
1316,,,,,,
24691,,,,,,
41438,,,,,,
47349,,,,,,
18085,,,,,,
7336,,,,,,
21225,,,,,,
37183,,,,,,
15720,,,,,,
40673,,,,,,
35170,,,,,,
41146,,,,,,
4865,,,,,,
45941,,,,,,
45313,,,,,,
40033,,,,,,
38382,,,,,,
30888,,,,,,
11851,,,,,,
21656,,,,,,
16069,,,,,,
12341,,,,,,
16104,,,,,,
15608,,,,,,
7129,,,,,,
9142,,,,,,
7254,,,,,,
43464,,,,,,
43420,,,,,,
16809,,,,,,
42932,,,,,,
26490,,,,,,
22088,,,,,,
21974,,,,,,
13938,,,,,,
34807,,,,,,
4001,,,,,,
2547,,,,,,
8911,,,,,,
30580,,,,,,
29464,,,,,,
23997,,,,,,
4616,,,,,,
9182,,,,,,
1843,,,,,,
3732,,,,,,
28341,,,,,,
45283,,,,,,
36886,,,,,,
26343,,,,,,
44111,,,,,,
32817,,,,,,
11040,,,,,,
37783,,,,,,
30835,,,,,,
9485,,,,,,
23536,,,,,,
9499,,,,,,
41662,,,,,,
34925,,,,,,
1456,,,,,,
24008,,,,,,
19219,,,,,,
26634,,,,,,
8682,,,,,,
27565,,,,,,
43702,,,,,,
35712,,,,,,
13372,,,,,,
40294,,,,,,
4862,,,,,,
39768,,,,,,
22208,,,,,,
27884,,,,,,
36755,,,,,,
16353,,,,,,
18996,,,,,,
17615,,,,,,
45552,,,,,,
44215,,,,,,
43288,,,,,,
15778,,,,,,
33351,,,,,,
35134,,,,,,
26162,,,,,,
7159,,,,,,
5546,,,,,,
11470,,,,,,
6477,,,,,,
11156,,,,,,
36949,,,,,,
29601,,,,,,
47194,,,,,,
7655,,,,,,
13179,,,,,,
23817,,,,,,
3544,,,,,,
19616,,,,,,
18576,,,,,,
37426,,,,,,
5638,,,,,,
3640,,,,,,
13153,,,,,,
19955,,,,,,
33119,,,,,,
16698,,,,,,
14873,,,,,,
44676,,,,,,
28983,,,,,,
46460,,,,,,
14260,,,,,,
5756,,,,,,
35921,,,,,,
38636,,,,,,
28367,,,,,,
42619,,,,,,
8589,,,,,,
10520,,,,,,
27963,,,,,,
30864,,,,,,
5503,,,,,,
266,,,,,,
28641,,,,,,
42552,,,,,,
23436,,,,,,
49214,,,,,,
24367,,,,,,
45668,,,,,,
11726,,,,,,
3314,,,,,,
24848,,,,,,
29909,,,,,,
32454,,,,,,
45849,,,,,,
30090,,,,,,
8103,,,,,,
24944,,,,,,
18267,,,,,,
18961,,,,,,
48183,,,,,,
33618,,,,,,
7517,,,,,,
17625,,,,,,
35858,,,,,,
30927,,,,,,
24680,,,,,,
35560,,,,,,
15884,,,,,,
33144,,,,,,
18953,,,,,,
8314,,,,,,
26506,,,,,,
5458,,,,,,
16324,,,,,,
35950,,,,,,
15580,,,,,,
12643,,,,,,
28134,,,,,,
33454,,,,,,
16202,,,,,,
15509,,,,,,
33254,,,,,,
38460,,,,,,
22922,,,,,,
16541,,,,,,
45910,,,,,,
22535,,,,,,
13660,,,,,,
34741,,,,,,
5948,,,,,,
43997,,,,,,
27746,,,,,,
36453,,,,,,
36583,,,,,,
20507,,,,,,
3919,,,,,,
47809,,,,,,
25905,,,,,,
48351,,,,,,
24410,,,,,,
37724,,,,,,
4112,,,,,,
45150,,,,,,
11407,,,,,,
27642,,,,,,
25384,,,,,,
14210,,,,,,
36754,,,,,,
24387,,,,,,
15057,,,,,,
41867,,,,,,
28673,,,,,,
32147,,,,,,
36352,,,,,,
15015,,,,,,
49222,,,,,,
42366,,,,,,
2884,,,,,,
16636,,,,,,
23733,,,,,,
47057,,,,,,
18543,,,,,,
33921,,,,,,
19288,,,,,,
26899,,,,,,
11360,,,,,,
48141,,,,,,
30997,,,,,,
25675,,,,,,
16569,,,,,,
43239,,,,,,
16763,,,,,,
8050,,,,,,
2700,,,,,,
22146,,,,,,
36202,,,,,,
47513,,,,,,
10671,,,,,,
25614,,,,,,
36480,,,,,,
35915,,,,,,
46604,,,,,,
38922,,,,,,
11204,,,,,,
5212,,,,,,
9997,,,,,,
43671,,,,,,
41484,,,,,,
38920,,,,,,
35623,,,,,,
37642,,,,,,
1713,,,,,,
24670,,,,,,
32961,,,,,,
9674,,,,,,
23699,,,,,,
22704,,,,,,
34918,,,,,,
244,,,,,,
38907,,,,,,
36523,,,,,,
48786,,,,,,
46472,,,,,,
49513,,,,,,
1527,,,,,,
20091,,,,,,
25707,,,,,,
46835,,,,,,
42830,,,,,,
22545,,,,,,
46146,,,,,,
35694,,,,,,
33711,,,,,,
39158,,,,,,
2681,,,,,,
11536,,,,,,
12622,,,,,,
38802,,,,,,
7864,,,,,,
6044,,,,,,
15473,,,,,,
44881,,,,,,
38055,,,,,,
32881,,,,,,
22393,,,,,,
18163,,,,,,
47327,,,,,,
25622,,,,,,
10347,,,,,,
32025,,,,,,
46390,,,,,,
27775,,,,,,
38341,,,,,,
2069,,,,,,
46997,,,,,,
3042,,,,,,
49801,,,,,,
30357,,,,,,
11506,,,,,,
19215,,,,,,
3059,,,,,,
11580,,,,,,
44230,,,,,,
3915,,,,,,
21753,,,,,,
41063,,,,,,
46214,,,,,,
47162,,,,,,
34367,,,,,,
9672,,,,,,
16660,,,,,,
39510,,,,,,
8598,,,,,,
37080,,,,,,
46025,,,,,,
5251,,,,,,
30974,,,,,,
23226,,,,,,
48895,,,,,,
19068,,,,,,
46108,,,,,,
42701,,,,,,
29660,,,,,,
48487,,,,,,
46303,,,,,,
23752,,,,,,
25378,,,,,,
39228,,,,,,
5209,,,,,,
13071,,,,,,
25265,,,,,,
29106,,,,,,
36475,,,,,,
1698,,,,,,
9590,,,,,,
31480,,,,,,
38788,,,,,,
21144,,,,,,
9658,,,,,,
6829,,,,,,
39842,,,,,,
4590,,,,,,
41138,,,,,,
20259,,,,,,
14941,,,,,,
46937,,,,,,
29787,,,,,,
30928,,,,,,
15488,,,,,,
9150,,,,,,
1216,,,,,,
16053,,,,,,
20868,,,,,,
14836,,,,,,
4067,,,,,,
22102,,,,,,
16931,,,,,,
28400,,,,,,
19418,,,,,,
23442,,,,,,
39002,,,,,,
40826,,,,,,
46228,,,,,,
30717,,,,,,
32376,,,,,,
41899,,,,,,
18650,,,,,,
40892,,,,,,
2169,,,,,,
38160,,,,,,
39456,,,,,,
29612,,,,,,
49580,,,,,,
37182,,,,,,
30618,,,,,,
43791,,,,,,
7467,,,,,,
16244,,,,,,
45580,,,,,,
13065,,,,,,
27714,,,,,,
5773,,,,,,
8055,,,,,,
701,,,,,,
5152,,,,,,
28044,,,,,,
32910,,,,,,
24166,,,,,,
32356,,,,,,
42261,,,,,,
3871,,,,,,
16845,,,,,,
16855,,,,,,
44332,,,,,,
24974,,,,,,
19362,,,,,,
21435,,,,,,
27110,,,,,,
14262,,,,,,
31943,,,,,,
18676,,,,,,
12696,,,,,,
15794,,,,,,
25845,,,,,,
27136,,,,,,
30901,,,,,,
23241,,,,,,
8601,,,,,,
33089,,,,,,
38859,,,,,,
40678,,,,,,
19643,,,,,,
37533,,,,,,
32456,,,,,,
27362,,,,,,
25285,,,,,,
16610,,,,,,
46180,,,,,,
1300,,,,,,
17014,,,,,,
9716,,,,,,
18624,,,,,,
12285,,,,,,
15730,,,,,,
23187,,,,,,
35799,,,,,,
7530,,,,,,
48788,,,,,,
21273,,,,,,
22559,,,,,,
41331,,,,,,
6703,,,,,,
41314,,,,,,
46399,,,,,,
12035,,,,,,
24226,,,,,,
33704,,,,,,
38810,,,,,,
13093,,,,,,
1465,,,,,,
3274,,,,,,
5831,,,,,,
36912,,,,,,
11481,,,,,,
41166,,,,,,
19043,,,,,,
16447,,,,,,
42664,,,,,,
30406,,,,,,
34144,,,,,,
42236,,,,,,
19057,,,,,,
3475,,,,,,
44702,,,,,,
38606,,,,,,
4953,,,,,,
37927,,,,,,
22508,,,,,,
7648,,,,,,
18612,,,,,,
8513,,,,,,
45903,,,,,,
16595,,,,,,
35189,,,,,,
9290,,,,,,
39390,,,,,,
18122,,,,,,
5537,,,,,,
19796,,,,,,
40809,,,,,,
36914,,,,,,
26880,,,,,,
29459,,,,,,
45848,,,,,,
4409,,,,,,
17637,,,,,,
32140,,,,,,
16856,,,,,,
6732,,,,,,
16518,,,,,,
21581,,,,,,
18868,,,,,,
10063,,,,,,
43074,,,,,,
13513,,,,,,
40868,,,,,,
4396,,,,,,
8942,,,,,,
42557,,,,,,
8451,,,,,,
45014,,,,,,
18450,,,,,,
39861,,,,,,
76,,,,,,
48973,,,,,,
3445,,,,,,
46930,,,,,,
12255,,,,,,
30815,,,,,,
34292,,,,,,
30102,,,,,,
12502,,,,,,
29821,,,,,,
9333,,,,,,
22817,,,,,,
26556,,,,,,
18305,,,,,,
24504,,,,,,
48416,,,,,,
27630,,,,,,
27927,,,,,,
29863,,,,,,
15421,,,,,,
30233,,,,,,
14940,,,,,,
12885,,,,,,
32328,,,,,,
2597,,,,,,
18952,,,,,,
26835,,,,,,
372,,,,,,
314,,,,,,
2221,,,,,,
29487,,,,,,
37922,,,,,,
24617,,,,,,
30473,,,,,,
25917,,,,,,
1466,,,,,,
20142,,,,,,
1731,,,,,,
36875,,,,,,
49057,,,,,,
33349,,,,,,
39951,,,,,,
43946,,,,,,
28623,,,,,,
11779,,,,,,
15845,,,,,,
38412,,,,,,
2365,,,,,,
3141,,,,,,
11235,,,,,,
16598,,,,,,
15138,,,,,,
6056,,,,,,
23500,,,,,,
10870,,,,,,
4561,,,,,,
34950,,,,,,
28527,,,,,,
21049,,,,,,
43743,,,,,,
3549,,,,,,
17024,,,,,,
47723,,,,,,
24088,,,,,,
40168,,,,,,
25913,,,,,,
749,,,,,,
32626,,,,,,
23563,,,,,,
49370,,,,,,
26798,,,,,,
47123,,,,,,
6601,,,,,,
46550,,,,,,
20354,,,,,,
26265,,,,,,
21254,,,,,,
44409,,,,,,
35340,,,,,,
1540,,,,,,
33168,,,,,,
30975,,,,,,
4601,,,,,,
41211,,,,,,
11237,,,,,,
47901,,,,,,
43597,,,,,,
19197,,,,,,
5760,,,,,,
47778,,,,,,
49535,,,,,,
27790,,,,,,
17668,,,,,,
48147,,,,,,
20180,,,,,,
24215,,,,,,
17273,,,,,,
46620,,,,,,
9669,,,,,,
30977,,,,,,
1629,,,,,,
46811,,,,,,
48120,,,,,,
32543,,,,,,
18203,,,,,,
26203,,,,,,
13151,,,,,,
30870,,,,,,
38847,,,,,,
8205,,,,,,
25666,,,,,,
34545,,,,,,
30286,,,,,,
4363,,,,,,
38540,,,,,,
43949,,,,,,
2468,,,,,,
46681,,,,,,
26147,,,,,,
10469,,,,,,
27109,,,,,,
21290,,,,,,
14852,,,,,,
35218,,,,,,
5087,,,,,,
4192,,,,,,
15952,,,,,,
29899,,,,,,
21946,,,,,,
3517,,,,,,
18445,,,,,,
1115,,,,,,
31281,,,,,,
41178,,,,,,
27468,,,,,,
40740,,,,,,
46701,,,,,,
596,,,,,,
8359,,,,,,
41064,,,,,,
1986,,,,,,
26718,,,,,,
33779,,,,,,
31057,,,,,,
5129,,,,,,
19792,,,,,,
42262,,,,,,
26430,,,,,,
3129,,,,,,
19358,,,,,,
32418,,,,,,
6218,,,,,,
2629,,,,,,
5523,,,,,,
12223,,,,,,
42378,,,,,,
11071,,,,,,
1931,,,,,,
35512,,,,,,
13715,,,,,,
43689,,,,,,
23306,,,,,,
36155,,,,,,
4150,,,,,,
24012,,,,,,
16780,,,,,,
33668,,,,,,
24009,,,,,,
41986,,,,,,
27850,,,,,,
11571,,,,,,
852,,,,,,
30173,,,,,,
27909,,,,,,
3721,,,,,,
25108,,,,,,
48155,,,,,,
2163,,,,,,
2850,,,,,,
7823,,,,,,
24113,,,,,,
46659,,,,,,
26172,,,,,,
34805,,,,,,
33044,,,,,,
10926,,,,,,
45831,,,,,,
33055,,,,,,
16230,,,,,,
46956,,,,,,
44916,,,,,,
16870,,,,,,
14493,,,,,,
22192,,,,,,
7583,,,,,,
27155,,,,,,
992,,,,,,
47986,,,,,,
46169,,,,,,
22655,,,,,,
3787,,,,,,
5143,,,,,,
21486,,,,,,
33718,,,,,,
35395,,,,,,
48494,,,,,,
49430,,,,,,
33244,,,,,,
42627,,,,,,
30585,,,,,,
4551,,,,,,
24380,,,,,,
48227,,,,,,
41798,,,,,,
15671,,,,,,
5865,,,,,,
1626,,,,,,
40986,,,,,,
20851,,,,,,
24538,,,,,,
33049,,,,,,
16011,,,,,,
48521,,,,,,
34852,,,,,,
45182,,,,,,
17957,,,,,,
13762,,,,,,
31727,,,,,,
39554,,,,,,
28504,,,,,,
29327,,,,,,
33069,,,,,,
1645,,,,,,
13634,,,,,,
43990,,,,,,
49883,,,,,,
10719,,,,,,
5166,,,,,,
29493,,,,,,
46359,,,,,,
16568,,,,,,
33048,,,,,,
24341,,,,,,
41483,,,,,,
20038,,,,,,
23692,,,,,,
16300,,,,,,
33561,,,,,,
39596,,,,,,
36540,,,,,,
26975,,,,,,
47716,,,,,,
21711,,,,,,
12734,,,,,,
42404,,,,,,
10232,,,,,,
26474,,,,,,
48976,,,,,,
29525,,,,,,
34936,,,,,,
45985,,,,,,
49289,,,,,,
6833,,,,,,
2306,,,,,,
28322,,,,,,
13149,,,,,,
36732,,,,,,
7377,,,,,,
41463,,,,,,
1788,,,,,,
35591,,,,,,
38239,,,,,,
15336,,,,,,
46007,,,,,,
47258,,,,,,
20581,,,,,,
33758,,,,,,
22846,,,,,,
18368,,,,,,
2546,,,,,,
21406,,,,,,
20119,,,,,,
43329,,,,,,
29844,,,,,,
15562,,,,,,
20126,,,,,,
23666,,,,,,
17960,,,,,,
653,,,,,,
45152,,,,,,
10410,,,,,,
4165,,,,,,
18932,,,,,,
2793,,,,,,
20322,,,,,,
745,,,,,,
26228,,,,,,
32355,,,,,,
24475,,,,,,
1227,,,,,,
43799,,,,,,
48093,,,,,,
49470,,,,,,
10039,,,,,,
17176,,,,,,
46130,,,,,,
9739,,,,,,
13651,,,,,,
29524,,,,,,
39462,,,,,,
44428,,,,,,
24024,,,,,,
43638,,,,,,
12287,,,,,,
25473,,,,,,
27461,,,,,,
33391,,,,,,
11772,,,,,,
35826,,,,,,
15282,,,,,,
24925,,,,,,
29495,,,,,,
23730,,,,,,
671,,,,,,
28455,,,,,,
12006,,,,,,
48414,,,,,,
3862,,,,,,
43826,,,,,,
24282,,,,,,
40737,,,,,,
27375,,,,,,
35530,,,,,,
44967,,,,,,
30799,,,,,,
34369,,,,,,
2872,,,,,,
15098,,,,,,
28522,,,,,,
26725,,,,,,
6405,,,,,,
17828,,,,,,
8838,,,,,,
3446,,,,,,
34629,,,,,,
43098,,,,,,
29379,,,,,,
1358,,,,,,
26368,,,,,,
5709,,,,,,
12816,,,,,,
31278,,,,,,
8852,,,,,,
4572,,,,,,
29156,,,,,,
5071,,,,,,
42437,,,,,,
3851,,,,,,
18764,,,,,,
25236,,,,,,
33538,,,,,,
8979,,,,,,
39142,,,,,,
11853,,,,,,
44160,,,,,,
2097,,,,,,
48538,,,,,,
864,,,,,,
11555,,,,,,
32381,,,,,,
42499,,,,,,
20482,,,,,,
29510,,,,,,
48655,,,,,,
1818,,,,,,
20966,,,,,,
36215,,,,,,
45963,,,,,,
9198,,,,,,
27295,,,,,,
29214,,,,,,
19259,,,,,,
43744,,,,,,
25556,,,,,,
41309,,,,,,
16488,,,,,,
9275,,,,,,
2575,,,,,,
38195,,,,,,
26869,,,,,,
12241,,,,,,
20673,,,,,,
10699,,,,,,
18872,,,,,,
5136,,,,,,
21510,,,,,,
31970,,,,,,
2037,,,,,,
16467,,,,,,
28614,,,,,,
12440,,,,,,
12165,,,,,,
31027,,,,,,
13689,,,,,,
23855,,,,,,
40976,,,,,,
11212,,,,,,
19205,,,,,,
1971,,,,,,
27023,,,,,,
47193,,,,,,
49264,,,,,,
17123,,,,,,
2267,,,,,,
14370,,,,,,
11816,,,,,,
8508,,,,,,
933,,,,,,
43568,,,,,,
1720,,,,,,
49325,,,,,,
45624,,,,,,
37012,,,,,,
44449,,,,,,
32680,,,,,,
20224,,,,,,
48287,,,,,,
48432,,,,,,
27228,,,,,,
821,,,,,,
2080,,,,,,
3615,,,,,,
9834,,,,,,
41938,,,,,,
38201,,,,,,
35338,,,,,,
19100,,,,,,
47161,,,,,,
20810,,,,,,
6450,,,,,,
29153,,,,,,
10036,,,,,,
38532,,,,,,
47355,,,,,,
11865,,,,,,
4485,,,,,,
41548,,,,,,
24512,,,,,,
6810,,,,,,
43966,,,,,,
5551,,,,,,
33943,,,,,,
16189,,,,,,
1677,,,,,,
25644,,,,,,
622,,,,,,
35096,,,,,,
36255,,,,,,
14051,,,,,,
4836,,,,,,
31385,,,,,,
23784,,,,,,
18853,,,,,,
22059,,,,,,
1829,,,,,,
27075,,,,,,
47773,,,,,,
8984,,,,,,
8919,,,,,,
18158,,,,,,
35468,,,,,,
1856,,,,,,
35437,,,,,,
41133,,,,,,
28177,,,,,,
24556,,,,,,
11180,,,,,,
15990,,,,,,
46700,,,,,,
30000,,,,,,
14436,,,,,,
32798,,,,,,
15652,,,,,,
1434,,,,,,
31594,,,,,,
13859,,,,,,
33940,,,,,,
21637,,,,,,
29225,,,,,,
17051,,,,,,
19476,,,,,,
3148,,,,,,
41836,,,,,,
15157,,,,,,
44655,,,,,,
34141,,,,,,
47334,,,,,,
31524,,,,,,
10510,,,,,,
22203,,,,,,
43602,,,,,,
979,,,,,,
9309,,,,,,
21853,,,,,,
8791,,,,,,
30265,,,,,,
23162,,,,,,
6398,,,,,,
31367,,,,,,
47480,,,,,,
47549,,,,,,
31191,,,,,,
19877,,,,,,
42879,,,,,,
46863,,,,,,
26234,,,,,,
39329,,,,,,
9695,,,,,,
9512,,,,,,
37442,,,,,,
8074,,,,,,
24214,,,,,,
9550,,,,,,
45991,,,,,,
31826,,,,,,
38494,,,,,,
27625,,,,,,
10466,,,,,,
8402,,,,,,
7966,,,,,,
33799,,,,,,
20417,,,,,,
35721,,,,,,
20014,,,,,,
30320,,,,,,
8738,,,,,,
8443,,,,,,
45325,,,,,,
37471,,,,,,
41328,,,,,,
17795,,,,,,
12674,,,,,,
37590,,,,,,
41844,,,,,,
18433,,,,,,
36145,,,,,,
34626,,,,,,
20754,,,,,,
38649,,,,,,
19047,,,,,,
43717,,,,,,
26794,,,,,,
6346,,,,,,
21672,,,,,,
11438,,,,,,
47185,,,,,,
13459,,,,,,
13141,,,,,,
45303,,,,,,
25975,,,,,,
29009,,,,,,
20173,,,,,,
45109,,,,,,
28981,,,,,,
24014,,,,,,
38505,,,,,,
44770,,,,,,
31925,,,,,,
22696,,,,,,
41087,,,,,,
24158,,,,,,
39691,,,,,,
43089,,,,,,
23838,,,,,,
44515,,,,,,
27617,,,,,,
7152,,,,,,
3589,,,,,,
39892,,,,,,
25964,,,,,,
2722,,,,,,
2012,,,,,,
34569,,,,,,
16012,,,,,,
6143,,,,,,
44174,,,,,,
41282,,,,,,
41550,,,,,,
18341,,,,,,
30450,,,,,,
27698,,,,,,
46716,,,,,,
22789,,,,,,
41190,,,,,,
1671,,,,,,
45316,,,,,,
6979,,,,,,
43293,,,,,,
27637,,,,,,
26154,,,,,,
34482,,,,,,
44127,,,,,,
23510,,,,,,
45994,,,,,,
16076,,,,,,
17540,,,,,,
26737,,,,,,
2750,,,,,,
18871,,,,,,
780,,,,,,
19173,,,,,,
49476,,,,,,
35186,,,,,,
45513,,,,,,
3999,,,,,,
23837,,,,,,
44974,,,,,,
30989,,,,,,
29080,,,,,,
29698,,,,,,
16214,,,,,,
35997,,,,,,
29199,,,,,,
10625,,,,,,
5965,,,,,,
32086,,,,,,
19494,,,,,,
34922,,,,,,
45989,,,,,,
20387,,,,,,
17098,,,,,,
36835,,,,,,
2748,,,,,,
46888,,,,,,
2200,,,,,,
47172,,,,,,
18202,,,,,,
11587,,,,,,
8231,,,,,,
11454,,,,,,
34688,,,,,,
4653,,,,,,
46501,,,,,,
43565,,,,,,
12405,,,,,,
47977,,,,,,
38896,,,,,,
27320,,,,,,
27995,,,,,,
28833,,,,,,
47536,,,,,,
7030,,,,,,
27975,,,,,,
20098,,,,,,
39558,,,,,,
21725,,,,,,
38083,,,,,,
32149,,,,,,
12872,,,,,,
19026,,,,,,
28544,,,,,,
5956,,,,,,
21684,,,,,,
38375,,,,,,
19174,,,,,,
34899,,,,,,
46046,,,,,,
37524,,,,,,
5174,,,,,,
45851,,,,,,
39449,,,,,,
12193,,,,,,
342,,,,,,
5257,,,,,,
6801,,,,,,
30693,,,,,,
28267,,,,,,
26934,,,,,,
35131,,,,,,
18560,,,,,,
43252,,,,,,
40908,,,,,,
38470,,,,,,
14350,,,,,,
43709,,,,,,
40607,,,,,,
1264,,,,,,
34968,,,,,,
40300,,,,,,
19772,,,,,,
32635,,,,,,
35221,,,,,,
22199,,,,,,
3307,,,,,,
3396,,,,,,
45465,,,,,,
6374,,,,,,
34993,,,,,,
9202,,,,,,
38959,,,,,,
45654,,,,,,
6978,,,,,,
29480,,,,,,
10369,,,,,,
32967,,,,,,
35235,,,,,,
40535,,,,,,
41284,,,,,,
47603,,,,,,
17708,,,,,,
21249,,,,,,
42956,,,,,,
36684,,,,,,
10575,,,,,,
32864,,,,,,
10648,,,,,,
45127,,,,,,
37626,,,,,,
11563,,,,,,
16812,,,,,,
18198,,,,,,
8714,,,,,,
34146,,,,,,
38483,,,,,,
9649,,,,,,
3415,,,,,,
27855,,,,,,
14468,,,,,,
36237,,,,,,
2758,,,,,,
16506,,,,,,
4605,,,,,,
31646,,,,,,
35483,,,,,,
40441,,,,,,
5598,,,,,,
18480,,,,,,
17925,,,,,,
41508,,,,,,
31014,,,,,,
31976,,,,,,
43419,,,,,,
22874,,,,,,
26326,,,,,,
26515,,,,,,
3298,,,,,,
19778,,,,,,
40808,,,,,,
10634,,,,,,
3400,,,,,,
5610,,,,,,
15526,,,,,,
15911,,,,,,
6304,,,,,,
16459,,,,,,
31784,,,,,,
18369,,,,,,
42778,,,,,,
21230,,,,,,
8158,,,,,,
30931,,,,,,
5086,,,,,,
40343,,,,,,
31429,,,,,,
30060,,,,,,
38949,,,,,,
41152,,,,,,
19258,,,,,,
31583,,,,,,
7876,,,,,,
32193,,,,,,
42921,,,,,,
38730,,,,,,
29734,,,,,,
20602,,,,,,
4723,,,,,,
32869,,,,,,
32611,,,,,,
7247,,,,,,
30235,,,,,,
49872,,,,,,
47212,,,,,,
21309,,,,,,
6012,,,,,,
13830,,,,,,
18366,,,,,,
23027,,,,,,
27184,,,,,,
4260,,,,,,
16087,,,,,,
36402,,,,,,
8557,,,,,,
34692,,,,,,
11695,,,,,,
20235,,,,,,
2907,,,,,,
34591,,,,,,
46036,,,,,,
32309,,,,,,
29567,,,,,,
2698,,,,,,
14642,,,,,,
1776,,,,,,
33696,,,,,,
7875,,,,,,
9392,,,,,,
37102,,,,,,
9096,,,,,,
10434,,,,,,
11133,,,,,,
48490,,,,,,
26774,,,,,,
12297,,,,,,
19266,,,,,,
6267,,,,,,
40854,,,,,,
23114,,,,,,
35660,,,,,,
35847,,,,,,
27503,,,,,,
24126,,,,,,
13468,,,,,,
17023,,,,,,
43616,,,,,,
10962,,,,,,
3499,,,,,,
5562,,,,,,
10478,,,,,,
48429,,,,,,
11953,,,,,,
31487,,,,,,
18970,,,,,,
37494,,,,,,
42372,,,,,,
37287,,,,,,
6981,,,,,,
49490,,,,,,
25011,,,,,,
48674,,,,,,
46803,,,,,,
40046,,,,,,
36544,,,,,,
2813,,,,,,
17126,,,,,,
24032,,,,,,
11989,,,,,,
9414,,,,,,
9297,,,,,,
32225,,,,,,
44630,,,,,,
42663,,,,,,
10646,,,,,,
3265,,,,,,
41221,,,,,,
44959,,,,,,
47003,,,,,,
46591,,,,,,
45496,,,,,,
24871,,,,,,
6024,,,,,,
7532,,,,,,
25058,,,,,,
7744,,,,,,
34919,,,,,,
10928,,,,,,
30104,,,,,,
24907,,,,,,
28646,,,,,,
4370,,,,,,
40732,,,,,,
37955,,,,,,
41187,,,,,,
37111,,,,,,
2473,,,,,,
39237,,,,,,
32103,,,,,,
18281,,,,,,
37202,,,,,,
13607,,,,,,
6481,,,,,,
46547,,,,,,
3156,,,,,,
11459,,,,,,
23678,,,,,,
34446,,,,,,
38440,,,,,,
29689,,,,,,
33457,,,,,,
31947,,,,,,
7211,,,,,,
35099,,,,,,
48556,,,,,,
30085,,,,,,
4796,,,,,,
20309,,,,,,
43127,,,,,,
10739,,,,,,
32212,,,,,,
43450,,,,,,
27929,,,,,,
5453,,,,,,
4969,,,,,,
17968,,,,,,
30862,,,,,,
42593,,,,,,
17774,,,,,,
19670,,,,,,
23769,,,,,,
18848,,,,,,
9269,,,,,,
29842,,,,,,
49172,,,,,,
8445,,,,,,
49322,,,,,,
24432,,,,,,
10467,,,,,,
6806,,,,,,
36588,,,,,,
36094,,,,,,
47886,,,,,,
34190,,,,,,
43856,,,,,,
3036,,,,,,
36537,,,,,,
16481,,,,,,
45264,,,,,,
23285,,,,,,
8162,,,,,,
41140,,,,,,
24975,,,,,,
25340,,,,,,
24922,,,,,,
31115,,,,,,
40726,,,,,,
40403,,,,,,
11493,,,,,,
29439,,,,,,
5696,,,,,,
14590,,,,,,
31776,,,,,,
23141,,,,,,
42874,,,,,,
37311,,,,,,
24530,,,,,,
49612,,,,,,
4531,,,,,,
21139,,,,,,
17797,,,,,,
35015,,,,,,
48784,,,,,,
45054,,,,,,
22843,,,,,,
6706,,,,,,
31961,,,,,,
28684,,,,,,
19472,,,,,,
16186,,,,,,
5915,,,,,,
17010,,,,,,
5852,,,,,,
31368,,,,,,
44656,,,,,,
16434,,,,,,
4107,,,,,,
10921,,,,,,
35080,,,,,,
27904,,,,,,
14047,,,,,,
3519,,,,,,
38343,,,,,,
302,,,,,,
34788,,,,,,
48591,,,,,,
47139,,,,,,
24602,,,,,,
8511,,,,,,
37774,,,,,,
25779,,,,,,
7448,,,,,,
6754,,,,,,
36527,,,,,,
19677,,,,,,
31438,,,,,,
42544,,,,,,
28914,,,,,,
43099,,,,,,
28783,,,,,,
32889,,,,,,
20502,,,,,,
39926,,,,,,
5203,,,,,,
42015,,,,,,
3053,,,,,,
12971,,,,,,
49863,,,,,,
16834,,,,,,
33906,,,,,,
16542,,,,,,
30641,,,,,,
8117,,,,,,
39396,,,,,,
17413,,,,,,
19934,,,,,,
38328,,,,,,
10714,,,,,,
29159,,,,,,
12714,,,,,,
15067,,,,,,
29428,,,,,,
35183,,,,,,
40993,,,,,,
29092,,,,,,
9079,,,,,,
31140,,,,,,
21450,,,,,,
42772,,,,,,
13294,,,,,,
15129,,,,,,
21931,,,,,,
45307,,,,,,
2101,,,,,,
36962,,,,,,
5387,,,,,,
33138,,,,,,
46190,,,,,,
20597,,,,,,
6595,,,,,,
43986,,,,,,
14397,,,,,,
7654,,,,,,
33560,,,,,,
17801,,,,,,
22536,,,,,,
14684,,,,,,
26235,,,,,,
30047,,,,,,
37479,,,,,,
11336,,,,,,
17479,,,,,,
5063,,,,,,
5515,,,,,,
40019,,,,,,
7098,,,,,,
1908,,,,,,
30776,,,,,,
3393,,,,,,
25470,,,,,,
26825,,,,,,
21232,,,,,,
44497,,,,,,
45554,,,,,,
48584,,,,,,
20605,,,,,,
10806,,,,,,
32777,,,,,,
27835,,,,,,
22608,,,,,,
14703,,,,,,
7905,,,,,,
23022,,,,,,
32291,,,,,,
21076,,,,,,
1121,,,,,,
8535,,,,,,
25050,,,,,,
18950,,,,,,
38074,,,,,,
34447,,,,,,
37028,,,,,,
19071,,,,,,
44299,,,,,,
14222,,,,,,
48764,,,,,,
4168,,,,,,
19390,,,,,,
28011,,,,,,
31350,,,,,,
24536,,,,,,
33295,,,,,,
49536,,,,,,
3221,,,,,,
48186,,,,,,
37353,,,,,,
13210,,,,,,
24135,,,,,,
23682,,,,,,
10168,,,,,,
11175,,,,,,
22988,,,,,,
25641,,,,,,
1762,,,,,,
7371,,,,,,
7983,,,,,,
8925,,,,,,
8245,,,,,,
36252,,,,,,
44229,,,,,,
39151,,,,,,
33358,,,,,,
32365,,,,,,
38627,,,,,,
43761,,,,,,
12200,,,,,,
4530,,,,,,
12319,,,,,,
48569,,,,,,
18701,,,,,,
41922,,,,,,
43273,,,,,,
7202,,,,,,
38853,,,,,,
25022,,,,,,
23795,,,,,,
39191,,,,,,
8059,,,,,,
2590,,,,,,
12368,,,,,,
9902,,,,,,
47345,,,,,,
2630,,,,,,
34322,,,,,,
44567,,,,,,
44623,,,,,,
34114,,,,,,
1403,,,,,,
38378,,,,,,
49022,,,,,,
22054,,,,,,
31548,,,,,,
4389,,,,,,
24685,,,,,,
23549,,,,,,
36265,,,,,,
26245,,,,,,
11697,,,,,,
20624,,,,,,
14115,,,,,,
7352,,,,,,
19561,,,,,,
48033,,,,,,
24850,,,,,,
7406,,,,,,
11552,,,,,,
11060,,,,,,
35965,,,,,,
5048,,,,,,
14110,,,,,,
34281,,,,,,
36227,,,,,,
36795,,,,,,
37156,,,,,,
5708,,,,,,
11582,,,,,,
48546,,,,,,
26805,,,,,,
28381,,,,,,
35622,,,,,,
18109,,,,,,
47812,,,,,,
12762,,,,,,
17843,,,,,,
8190,,,,,,
44868,,,,,,
14091,,,,,,
9034,,,,,,
13083,,,,,,
2027,,,,,,
14548,,,,,,
2171,,,,,,
30896,,,,,,
10514,,,,,,
36887,,,,,,
16929,,,,,,
44031,,,,,,
23824,,,,,,
27325,,,,,,
19907,,,,,,
39601,,,,,,
25970,,,,,,
5690,,,,,,
14127,,,,,,
18094,,,,,,
45927,,,,,,
9208,,,,,,
22274,,,,,,
38264,,,,,,
26389,,,,,,
33335,,,,,,
30385,,,,,,
21036,,,,,,
33484,,,,,,
31713,,,,,,
14122,,,,,,
19943,,,,,,
11324,,,,,,
14676,,,,,,
31910,,,,,,
3668,,,,,,
8788,,,,,,
16810,,,,,,
25499,,,,,,
17190,,,,,,
29349,,,,,,
48407,,,,,,
37615,,,,,,
40565,,,,,,
47375,,,,,,
32581,,,,,,
44827,,,,,,
5775,,,,,,
178,,,,,,
43611,,,,,,
588,,,,,,
33239,,,,,,
8485,,,,,,
7500,,,,,,
17298,,,,,,
33835,,,,,,
26622,,,,,,
49184,,,,,,
48071,,,,,,
42454,,,,,,
18124,,,,,,
5893,,,,,,
10116,,,,,,
21582,,,,,,
25952,,,,,,
43124,,,,,,
32452,,,,,,
27405,,,,,,
6348,,,,,,
37366,,,,,,
43971,,,,,,
38156,,,,,,
3830,,,,,,
21728,,,,,,
17666,,,,,,
28699,,,,,,
5480,,,,,,
4345,,,,,,
35690,,,,,,
22638,,,,,,
12376,,,,,,
5436,,,,,,
24489,,,,,,
434,,,,,,
27119,,,,,,
8392,,,,,,
42926,,,,,,
47465,,,,,,
30757,,,,,,
47774,,,,,,
8209,,,,,,
34756,,,,,,
30884,,,,,,
21498,,,,,,
40636,,,,,,
13234,,,,,,
13059,,,,,,
23653,,,,,,
9515,,,,,,
15153,,,,,,
2138,,,,,,
27403,,,,,,
37143,,,,,,
45708,,,,,,
17825,,,,,,
26209,,,,,,
19939,,,,,,
37343,,,,,,
6182,,,,,,
5467,,,,,,
10891,,,,,,
48153,,,,,,
8459,,,,,,
481,,,,,,
39581,,,,,,
23273,,,,,,
21765,,,,,,
3190,,,,,,
45079,,,,,,
23433,,,,,,
18566,,,,,,
5617,,,,,,
16433,,,,,,
38868,,,,,,
12219,,,,,,
4291,,,,,,
40248,,,,,,
8116,,,,,,
17963,,,,,,
40180,,,,,,
38422,,,,,,
35612,,,,,,
46784,,,,,,
10479,,,,,,
46733,,,,,,
19503,,,,,,
19090,,,,,,
49574,,,,,,
9395,,,,,,
26254,,,,,,
28451,,,,,,
41526,,,,,,
9879,,,,,,
34406,,,,,,
26637,,,,,,
21552,,,,,,
2532,,,,,,
8563,,,,,,
34931,,,,,,
44150,,,,,,
8610,,,,,,
14613,,,,,,
48856,,,,,,
48763,,,,,,
23330,,,,,,
35307,,,,,,
44331,,,,,,
39154,,,,,,
49043,,,,,,
42305,,,,,,
37616,,,,,,
732,,,,,,
39638,,,,,,
34386,,,,,,
31264,,,,,,
16277,,,,,,
44080,,,,,,
41277,,,,,,
31696,,,,,,
45880,,,,,,
10616,,,,,,
23068,,,,,,
21568,,,,,,
48504,,,,,,
43787,,,,,,
22574,,,,,,
22387,,,,,,
34790,,,,,,
14281,,,,,,
3347,,,,,,
40090,,,,,,
11733,,,,,,
48510,,,,,,
47481,,,,,,
17621,,,,,,
47524,,,,,,
40975,,,,,,
23750,,,,,,
47044,,,,,,
12852,,,,,,
30625,,,,,,
8356,,,,,,
2706,,,,,,
49720,,,,,,
42943,,,,,,
39429,,,,,,
25606,,,,,,
46764,,,,,,
38453,,,,,,
5006,,,,,,
12603,,,,,,
35012,,,,,,
15392,,,,,,
23849,,,,,,
45435,,,,,,
30065,,,,,,
579,,,,,,
4284,,,,,,
1678,,,,,,
40376,,,,,,
44384,,,,,,
26692,,,,,,
47883,,,,,,
48357,,,,,,
9156,,,,,,
2329,,,,,,
21604,,,,,,
32883,,,,,,
45870,,,,,,
12553,,,,,,
38210,,,,,,
38140,,,,,,
23412,,,,,,
4394,,,,,,
44462,,,,,,
8752,,,,,,
27807,,,,,,
20620,,,,,,
25703,,,,,,
20709,,,,,,
48796,,,,,,
25866,,,,,,
20957,,,,,,
1059,,,,,,
26509,,,,,,
17482,,,,,,
16688,,,,,,
20969,,,,,,
46270,,,,,,
18453,,,,,,
21828,,,,,,
21580,,,,,,
29042,,,,,,
30073,,,,,,
4854,,,,,,
13198,,,,,,
10755,,,,,,
10034,,,,,,
28847,,,,,,
3342,,,,,,
13054,,,,,,
45764,,,,,,
44788,,,,,,
11043,,,,,,
5939,,,,,,
45598,,,,,,
16245,,,,,,
25575,,,,,,
5460,,,,,,
37900,,,,,,
3449,,,,,,
25769,,,,,,
8281,,,,,,
33955,,,,,,
12156,,,,,,
30604,,,,,,
43626,,,,,,
19800,,,,,,
27267,,,,,,
39164,,,,,,
39321,,,,,,
13883,,,,,,
19164,,,,,,
34188,,,,,,
29031,,,,,,
11567,,,,,,
49939,,,,,,
33881,,,,,,
1703,,,,,,
31441,,,,,,
46401,,,,,,
42200,,,,,,
15774,,,,,,
26674,,,,,,
32256,,,,,,
23935,,,,,,
49931,,,,,,
38340,,,,,,
30485,,,,,,
41054,,,,,,
40949,,,,,,
49869,,,,,,
17363,,,,,,
12476,,,,,,
6207,,,,,,
5644,,,,,,
6904,,,,,,
49093,,,,,,
45868,,,,,,
22357,,,,,,